

ALTER SESSION SET NLS_DATE_FORMAT = 'dd/mm/yyyy';

-- создание и заполнение объектов типа ROLE_LIST and ROLE_ITEM
INSERT INTO OBJECTS (OBJECT_ID, PARENT_ID, OBJECT_TYPE_ID, NAME, DESCRIPTION) VALUES (1, NULL, 7, 'ALL ROLES', NULL);
INSERT INTO OBJECTS (OBJECT_ID, PARENT_ID, OBJECT_TYPE_ID, NAME, DESCRIPTION) VALUES (2, NULL, 8, 'CUSTOMER', NULL);
INSERT INTO OBJECTS (OBJECT_ID, PARENT_ID, OBJECT_TYPE_ID, NAME, DESCRIPTION) VALUES (3, NULL, 8, 'ADMIN', NULL);
INSERT INTO OBJECTS (OBJECT_ID, PARENT_ID, OBJECT_TYPE_ID, NAME, DESCRIPTION) VALUES (4, NULL, 8, 'DEVELOPER', NULL);
INSERT INTO OBJECTS (OBJECT_ID, PARENT_ID, OBJECT_TYPE_ID, NAME, DESCRIPTION) VALUES (5, NULL, 8, 'TEAM LEAD', NULL);
INSERT INTO OBJECTS (OBJECT_ID, PARENT_ID, OBJECT_TYPE_ID, NAME, DESCRIPTION) VALUES (6, NULL, 8, 'PROJECT MANAGER', NULL);

INSERT INTO ATTRIBUTES (ATTR_ID, OBJECT_ID, VALUE) VALUES (31, 1, 'All roles');
INSERT INTO ATTRIBUTES (ATTR_ID, OBJECT_ID, VALUE) VALUES (33, 2, 'Customer');
INSERT INTO ATTRIBUTES (ATTR_ID, OBJECT_ID, VALUE) VALUES (33, 3, 'Admin');
INSERT INTO ATTRIBUTES (ATTR_ID, OBJECT_ID, VALUE) VALUES (33, 4, 'Developer');
INSERT INTO ATTRIBUTES (ATTR_ID, OBJECT_ID, VALUE) VALUES (33, 5, 'Team Lead');
INSERT INTO ATTRIBUTES (ATTR_ID, OBJECT_ID, VALUE) VALUES (33, 6, 'Project Manager');

INSERT INTO OBJREFERENCE (ATTR_ID, OBJECT_ID, REFERENCE) VALUES (32, 2, 1);
INSERT INTO OBJREFERENCE (ATTR_ID, OBJECT_ID, REFERENCE) VALUES (32, 3, 1);
INSERT INTO OBJREFERENCE (ATTR_ID, OBJECT_ID, REFERENCE) VALUES (32, 4, 1);
INSERT INTO OBJREFERENCE (ATTR_ID, OBJECT_ID, REFERENCE) VALUES (32, 5, 1);
INSERT INTO OBJREFERENCE (ATTR_ID, OBJECT_ID, REFERENCE) VALUES (32, 6, 1);

-- создание и заполнение объектов типа DOC_TYPE_LIST and DOC_TYPE_ITEM
INSERT INTO OBJECTS (OBJECT_ID, PARENT_ID, OBJECT_TYPE_ID, NAME, DESCRIPTION) VALUES (7, NULL, 13, 'ALL DOCTYPES', NULL);
INSERT INTO OBJECTS (OBJECT_ID, PARENT_ID, OBJECT_TYPE_ID, NAME, DESCRIPTION) VALUES (8, NULL, 14, 'TEXT', NULL);
INSERT INTO OBJECTS (OBJECT_ID, PARENT_ID, OBJECT_TYPE_ID, NAME, DESCRIPTION) VALUES (9, NULL, 14, 'PHOTO', NULL);
INSERT INTO OBJECTS (OBJECT_ID, PARENT_ID, OBJECT_TYPE_ID, NAME, DESCRIPTION) VALUES (10, NULL, 14, 'VIDEO', NULL);
INSERT INTO OBJECTS (OBJECT_ID, PARENT_ID, OBJECT_TYPE_ID, NAME, DESCRIPTION) VALUES (11, NULL, 14, 'OTHER', NULL);

INSERT INTO ATTRIBUTES (ATTR_ID, OBJECT_ID, VALUE) VALUES (47, 7, 'All DocTypes');
INSERT INTO ATTRIBUTES (ATTR_ID, OBJECT_ID, VALUE) VALUES (49, 8, 'Text');
INSERT INTO ATTRIBUTES (ATTR_ID, OBJECT_ID, VALUE) VALUES (49, 9, 'Photo');
INSERT INTO ATTRIBUTES (ATTR_ID, OBJECT_ID, VALUE) VALUES (49, 10, 'Video');
INSERT INTO ATTRIBUTES (ATTR_ID, OBJECT_ID, VALUE) VALUES (49, 11, 'Other');

INSERT INTO OBJREFERENCE (ATTR_ID, OBJECT_ID, REFERENCE) VALUES (48, 8, 7);
INSERT INTO OBJREFERENCE (ATTR_ID, OBJECT_ID, REFERENCE) VALUES (48, 9, 7);
INSERT INTO OBJREFERENCE (ATTR_ID, OBJECT_ID, REFERENCE) VALUES (48, 10, 7);
INSERT INTO OBJREFERENCE (ATTR_ID, OBJECT_ID, REFERENCE) VALUES (48, 11, 7);

-- создание и заполнение объектов типа STATUS_LIST and STATUS_ITEM
INSERT INTO OBJECTS (OBJECT_ID, PARENT_ID, OBJECT_TYPE_ID, NAME, DESCRIPTION) VALUES (12, NULL, 15, 'ALL STATUSES', NULL);
INSERT INTO OBJECTS (OBJECT_ID, PARENT_ID, OBJECT_TYPE_ID, NAME, DESCRIPTION) VALUES (13, NULL, 16, 'ACTIVE', NULL);
INSERT INTO OBJECTS (OBJECT_ID, PARENT_ID, OBJECT_TYPE_ID, NAME, DESCRIPTION) VALUES (14, NULL, 16, 'RESOLVED', NULL);
INSERT INTO OBJECTS (OBJECT_ID, PARENT_ID, OBJECT_TYPE_ID, NAME, DESCRIPTION) VALUES (15, NULL, 16, 'SUSPENDED', NULL);
INSERT INTO OBJECTS (OBJECT_ID, PARENT_ID, OBJECT_TYPE_ID, NAME, DESCRIPTION) VALUES (16, NULL, 16, 'CLOSED', NULL);

INSERT INTO ATTRIBUTES (ATTR_ID, OBJECT_ID, VALUE) VALUES (50, 12, 'All Statuses');
INSERT INTO ATTRIBUTES (ATTR_ID, OBJECT_ID, VALUE) VALUES (52, 13, 'Active');
INSERT INTO ATTRIBUTES (ATTR_ID, OBJECT_ID, VALUE) VALUES (52, 14, 'Resolved');
INSERT INTO ATTRIBUTES (ATTR_ID, OBJECT_ID, VALUE) VALUES (52, 15, 'Suspended');
INSERT INTO ATTRIBUTES (ATTR_ID, OBJECT_ID, VALUE) VALUES (52, 16, 'Closed');

INSERT INTO OBJREFERENCE (ATTR_ID, OBJECT_ID, REFERENCE) VALUES (51, 13, 12);
INSERT INTO OBJREFERENCE (ATTR_ID, OBJECT_ID, REFERENCE) VALUES (51, 14, 12);
INSERT INTO OBJREFERENCE (ATTR_ID, OBJECT_ID, REFERENCE) VALUES (51, 15, 12);
INSERT INTO OBJREFERENCE (ATTR_ID, OBJECT_ID, REFERENCE) VALUES (51, 16, 12);

-- создание и заполнение объектов типа CHANGE_TYPE_LIST and CHANGE_TYPE_ITEM
INSERT INTO OBJECTS (OBJECT_ID, PARENT_ID, OBJECT_TYPE_ID, NAME, DESCRIPTION) VALUES (17, NULL, 17, 'ALL CHANGETYPES', NULL);
INSERT INTO OBJECTS (OBJECT_ID, PARENT_ID, OBJECT_TYPE_ID, NAME, DESCRIPTION) VALUES (18, NULL, 18, 'ASSIGN', NULL);
INSERT INTO OBJECTS (OBJECT_ID, PARENT_ID, OBJECT_TYPE_ID, NAME, DESCRIPTION) VALUES (19, NULL, 18, 'DESCRIPTION', NULL);
INSERT INTO OBJECTS (OBJECT_ID, PARENT_ID, OBJECT_TYPE_ID, NAME, DESCRIPTION) VALUES (20, NULL, 18, 'STATUS', NULL);
INSERT INTO OBJECTS (OBJECT_ID, PARENT_ID, OBJECT_TYPE_ID, NAME, DESCRIPTION) VALUES (21, NULL, 18, 'DEADLINE_DATE', NULL);

INSERT INTO ATTRIBUTES (ATTR_ID, OBJECT_ID, VALUE) VALUES (53, 17, 'All ChangeTypes');
INSERT INTO ATTRIBUTES (ATTR_ID, OBJECT_ID, VALUE) VALUES (55, 18, 'Assign');
INSERT INTO ATTRIBUTES (ATTR_ID, OBJECT_ID, VALUE) VALUES (55, 19, 'Description');
INSERT INTO ATTRIBUTES (ATTR_ID, OBJECT_ID, VALUE) VALUES (55, 20, 'Status');
INSERT INTO ATTRIBUTES (ATTR_ID, OBJECT_ID, VALUE) VALUES (55, 21, 'Deadline_date');

INSERT INTO OBJREFERENCE (ATTR_ID, OBJECT_ID, REFERENCE) VALUES (54, 18, 17);
INSERT INTO OBJREFERENCE (ATTR_ID, OBJECT_ID, REFERENCE) VALUES (54, 19, 17);
INSERT INTO OBJREFERENCE (ATTR_ID, OBJECT_ID, REFERENCE) VALUES (54, 20, 17);
INSERT INTO OBJREFERENCE (ATTR_ID, OBJECT_ID, REFERENCE) VALUES (54, 21, 17);

-- создание объектов типа user
INSERT INTO OBJECTS (OBJECT_ID, PARENT_ID, OBJECT_TYPE_ID, NAME, DESCRIPTION) VALUES (22, NULL, 1, 'Steven King', NULL);
INSERT INTO OBJECTS (OBJECT_ID, PARENT_ID, OBJECT_TYPE_ID, NAME, DESCRIPTION) VALUES (23, NULL, 1, 'Neena Kochhar', NULL);
INSERT INTO OBJECTS (OBJECT_ID, PARENT_ID, OBJECT_TYPE_ID, NAME, DESCRIPTION) VALUES (24, NULL, 1, 'Alexander Hunold', NULL);
INSERT INTO OBJECTS (OBJECT_ID, PARENT_ID, OBJECT_TYPE_ID, NAME, DESCRIPTION) VALUES (25, NULL, 1, 'David Austin', NULL);
INSERT INTO OBJECTS (OBJECT_ID, PARENT_ID, OBJECT_TYPE_ID, NAME, DESCRIPTION) VALUES (26, NULL, 1, 'Valli Pataballa', NULL);
INSERT INTO OBJECTS (OBJECT_ID, PARENT_ID, OBJECT_TYPE_ID, NAME, DESCRIPTION) VALUES (27, NULL, 1, 'Diana Lorentz', NULL);
INSERT INTO OBJECTS (OBJECT_ID, PARENT_ID, OBJECT_TYPE_ID, NAME, DESCRIPTION) VALUES (28, NULL, 1, 'Nancy Greenberg', NULL);
INSERT INTO OBJECTS (OBJECT_ID, PARENT_ID, OBJECT_TYPE_ID, NAME, DESCRIPTION) VALUES (29, NULL, 1, 'Daniel Faviet', NULL);
INSERT INTO OBJECTS (OBJECT_ID, PARENT_ID, OBJECT_TYPE_ID, NAME, DESCRIPTION) VALUES (30, NULL, 1, 'John Chen', NULL);
INSERT INTO OBJECTS (OBJECT_ID, PARENT_ID, OBJECT_TYPE_ID, NAME, DESCRIPTION) VALUES (31, NULL, 1, 'Ismael Sciarra', NULL);
INSERT INTO OBJECTS (OBJECT_ID, PARENT_ID, OBJECT_TYPE_ID, NAME, DESCRIPTION) VALUES (32, NULL, 1, 'Jose Manuel', NULL);
INSERT INTO OBJECTS (OBJECT_ID, PARENT_ID, OBJECT_TYPE_ID, NAME, DESCRIPTION) VALUES (33, NULL, 1, 'Luis Popp', NULL);
INSERT INTO OBJECTS (OBJECT_ID, PARENT_ID, OBJECT_TYPE_ID, NAME, DESCRIPTION) VALUES (34, NULL, 1, 'Den Raphaely', NULL);
INSERT INTO OBJECTS (OBJECT_ID, PARENT_ID, OBJECT_TYPE_ID, NAME, DESCRIPTION) VALUES (35, NULL, 1, 'Alexander Khoo', NULL);
INSERT INTO OBJECTS (OBJECT_ID, PARENT_ID, OBJECT_TYPE_ID, NAME, DESCRIPTION) VALUES (36, NULL, 1, 'Shelli Baida', NULL);
INSERT INTO OBJECTS (OBJECT_ID, PARENT_ID, OBJECT_TYPE_ID, NAME, DESCRIPTION) VALUES (37, NULL, 1, 'Sigal Tobias', NULL);
INSERT INTO OBJECTS (OBJECT_ID, PARENT_ID, OBJECT_TYPE_ID, NAME, DESCRIPTION) VALUES (38, NULL, 1, 'Guy Himuro', NULL);
INSERT INTO OBJECTS (OBJECT_ID, PARENT_ID, OBJECT_TYPE_ID, NAME, DESCRIPTION) VALUES (39, NULL, 1, 'Karen Colmenares', NULL);
INSERT INTO OBJECTS (OBJECT_ID, PARENT_ID, OBJECT_TYPE_ID, NAME, DESCRIPTION) VALUES (40, NULL, 1, 'Matthew Weiss', NULL);
INSERT INTO OBJECTS (OBJECT_ID, PARENT_ID, OBJECT_TYPE_ID, NAME, DESCRIPTION) VALUES (41, NULL, 1, 'Adam Fripp', NULL);

-- создание объектов типа LIST
INSERT INTO OBJECTS (OBJECT_ID, PARENT_ID, OBJECT_TYPE_ID, NAME, DESCRIPTION) VALUES (42, NULL, 9, 'Contacts list', NULL);
INSERT INTO ATTRIBUTES (ATTR_ID, OBJECT_ID, VALUE) VALUES (34, 42, 'Contacts list');
INSERT INTO OBJECTS (OBJECT_ID, PARENT_ID, OBJECT_TYPE_ID, NAME, DESCRIPTION) VALUES (43, NULL, 11, 'Documents list', NULL);
INSERT INTO ATTRIBUTES (ATTR_ID, OBJECT_ID, VALUE) VALUES (40, 43, 'Documents list');
INSERT INTO OBJECTS (OBJECT_ID, PARENT_ID, OBJECT_TYPE_ID, NAME, DESCRIPTION) VALUES (44, NULL, 19, 'Comments list', NULL);
INSERT INTO ATTRIBUTES (ATTR_ID, OBJECT_ID, VALUE) VALUES (56, 44, 'Comments list');
INSERT INTO OBJECTS (OBJECT_ID, PARENT_ID, OBJECT_TYPE_ID, NAME, DESCRIPTION) VALUES (45, NULL, 19, 'Phone list', NULL);
INSERT INTO ATTRIBUTES (ATTR_ID, OBJECT_ID, VALUE) VALUES (62, 45, 'Phone list');


-- заполнение атрибутов Steven King
INSERT INTO ATTRIBUTES (ATTR_ID, OBJECT_ID, VALUE) VALUES (1, 22, 'Steven');
INSERT INTO ATTRIBUTES (ATTR_ID, OBJECT_ID, VALUE) VALUES (2, 22, 'King');
INSERT INTO ATTRIBUTES (ATTR_ID, OBJECT_ID, DATE_VALUE) VALUES (4, 22, '1.01.1999');
INSERT INTO ATTRIBUTES (ATTR_ID, OBJECT_ID, VALUE) VALUES (65, 22, 'Steven King');
INSERT INTO ATTRIBUTES (ATTR_ID, OBJECT_ID, VALUE) VALUES (66, 22, 'StevenKing@mail.ru');

-- телефон
INSERT INTO OBJECTS (OBJECT_ID, PARENT_ID, OBJECT_TYPE_ID, NAME, DESCRIPTION) VALUES (46, NULL, 22, '+3085411111', NULL);
INSERT INTO ATTRIBUTES (ATTR_ID, OBJECT_ID, VALUE) VALUES (64, 46, '+3085411111');
INSERT INTO OBJREFERENCE (ATTR_ID, OBJECT_ID, REFERENCE) VALUES (63, 46, 45);
INSERT INTO OBJREFERENCE (ATTR_ID, OBJECT_ID, REFERENCE) VALUES (68, 22, 46);

-- даем роль ADMIN and PM
INSERT INTO OBJREFERENCE (ATTR_ID, OBJECT_ID, REFERENCE) VALUES (3, 22, 2);
INSERT INTO OBJREFERENCE (ATTR_ID, OBJECT_ID, REFERENCE) VALUES (3, 22, 6);


-- заполнение атрибутов Neena Kochhar
INSERT INTO ATTRIBUTES (ATTR_ID, OBJECT_ID, VALUE) VALUES (1, 23, 'Neena');
INSERT INTO ATTRIBUTES (ATTR_ID, OBJECT_ID, VALUE) VALUES (2, 23, 'Kochhar');
INSERT INTO ATTRIBUTES (ATTR_ID, OBJECT_ID, DATE_VALUE) VALUES (4, 23, '1.04.1999');
INSERT INTO ATTRIBUTES (ATTR_ID, OBJECT_ID, VALUE) VALUES (65, 23, 'Neena Kochhar');
INSERT INTO ATTRIBUTES (ATTR_ID, OBJECT_ID, VALUE) VALUES (66, 23, 'NeenaKochhar@mail.ru');

-- телефон 
INSERT INTO OBJECTS (OBJECT_ID, PARENT_ID, OBJECT_TYPE_ID, NAME, DESCRIPTION) VALUES (47, NULL, 22, '+3085410111', NULL);
INSERT INTO ATTRIBUTES (ATTR_ID, OBJECT_ID, VALUE) VALUES (64, 47, '+3085410111');
INSERT INTO OBJREFERENCE (ATTR_ID, OBJECT_ID, REFERENCE) VALUES (63, 47, 45);
INSERT INTO OBJREFERENCE (ATTR_ID, OBJECT_ID, REFERENCE) VALUES (68, 23, 47);

-- даем роль PM
INSERT INTO OBJREFERENCE (ATTR_ID, OBJECT_ID, REFERENCE) VALUES (3, 23, 6);


-- заполнение атрибутов Alexander Hunold
INSERT INTO ATTRIBUTES (ATTR_ID, OBJECT_ID, VALUE) VALUES (1, 24, 'Alexander');
INSERT INTO ATTRIBUTES (ATTR_ID, OBJECT_ID, VALUE) VALUES (2, 24, 'Hunold');
INSERT INTO ATTRIBUTES (ATTR_ID, OBJECT_ID, DATE_VALUE) VALUES (4, 24, '16.05.1999');
INSERT INTO ATTRIBUTES (ATTR_ID, OBJECT_ID, VALUE) VALUES (65, 24, 'Alexander Hunold');
INSERT INTO ATTRIBUTES (ATTR_ID, OBJECT_ID, VALUE) VALUES (66, 24, 'AlexanderHunold@mail.ru');

-- телефон 
INSERT INTO OBJECTS (OBJECT_ID, PARENT_ID, OBJECT_TYPE_ID, NAME, DESCRIPTION) VALUES (48, NULL, 22, '+3085410111', NULL);
INSERT INTO ATTRIBUTES (ATTR_ID, OBJECT_ID, VALUE) VALUES (64, 48, '+3085410111');
INSERT INTO OBJREFERENCE (ATTR_ID, OBJECT_ID, REFERENCE) VALUES (63, 48, 45);
INSERT INTO OBJREFERENCE (ATTR_ID, OBJECT_ID, REFERENCE) VALUES (68, 24, 48);

-- даем роль PM
INSERT INTO OBJREFERENCE (ATTR_ID, OBJECT_ID, REFERENCE) VALUES (3, 24, 6);


-- заполнение атрибутов David Austin
INSERT INTO ATTRIBUTES (ATTR_ID, OBJECT_ID, VALUE) VALUES (1, 25, 'David');
INSERT INTO ATTRIBUTES (ATTR_ID, OBJECT_ID, VALUE) VALUES (2, 25, 'Austin');
INSERT INTO ATTRIBUTES (ATTR_ID, OBJECT_ID, DATE_VALUE) VALUES (4, 25, '14.04.2000');
INSERT INTO ATTRIBUTES (ATTR_ID, OBJECT_ID, VALUE) VALUES (65, 25, 'David Austin');
INSERT INTO ATTRIBUTES (ATTR_ID, OBJECT_ID, VALUE) VALUES (66, 25, 'DavidAustin@mail.ru');

-- телефон 
INSERT INTO OBJECTS (OBJECT_ID, PARENT_ID, OBJECT_TYPE_ID, NAME, DESCRIPTION) VALUES (49, NULL, 22, '+3085410111', NULL);
INSERT INTO ATTRIBUTES (ATTR_ID, OBJECT_ID, VALUE) VALUES (64, 49, '+3085410111');
INSERT INTO OBJREFERENCE (ATTR_ID, OBJECT_ID, REFERENCE) VALUES (63, 49, 45);
INSERT INTO OBJREFERENCE (ATTR_ID, OBJECT_ID, REFERENCE) VALUES (68, 25, 49);

-- даем роль TM
INSERT INTO OBJREFERENCE (ATTR_ID, OBJECT_ID, REFERENCE) VALUES (3, 25, 5);


-- заполнение атрибутов Valli Pataballa
INSERT INTO ATTRIBUTES (ATTR_ID, OBJECT_ID, VALUE) VALUES (1, 26, 'Valli');
INSERT INTO ATTRIBUTES (ATTR_ID, OBJECT_ID, VALUE) VALUES (2, 26, 'Pataballa');
INSERT INTO ATTRIBUTES (ATTR_ID, OBJECT_ID, DATE_VALUE) VALUES (4, 26, '12.08.1994');
INSERT INTO ATTRIBUTES (ATTR_ID, OBJECT_ID, VALUE) VALUES (65, 26, 'Valli Pataballa');
INSERT INTO ATTRIBUTES (ATTR_ID, OBJECT_ID, VALUE) VALUES (66, 26, 'ValliPataballa@mail.ru');

-- телефон 
INSERT INTO OBJECTS (OBJECT_ID, PARENT_ID, OBJECT_TYPE_ID, NAME, DESCRIPTION) VALUES (50, NULL, 22, '+3085410111', NULL);
INSERT INTO ATTRIBUTES (ATTR_ID, OBJECT_ID, VALUE) VALUES (64, 50, '+3085410111');
INSERT INTO OBJREFERENCE (ATTR_ID, OBJECT_ID, REFERENCE) VALUES (63, 50, 45);
INSERT INTO OBJREFERENCE (ATTR_ID, OBJECT_ID, REFERENCE) VALUES (68, 26, 50);

-- даем роль TM
INSERT INTO OBJREFERENCE (ATTR_ID, OBJECT_ID, REFERENCE) VALUES (3, 26, 5);


-- заполнение атрибутов Diana Lorentz
INSERT INTO ATTRIBUTES (ATTR_ID, OBJECT_ID, VALUE) VALUES (1, 27, 'Diana');
INSERT INTO ATTRIBUTES (ATTR_ID, OBJECT_ID, VALUE) VALUES (2, 27, 'Lorentz');
INSERT INTO ATTRIBUTES (ATTR_ID, OBJECT_ID, DATE_VALUE) VALUES (4, 27, '02.12.2005');
INSERT INTO ATTRIBUTES (ATTR_ID, OBJECT_ID, VALUE) VALUES (65, 27, 'Diana Lorentz');
INSERT INTO ATTRIBUTES (ATTR_ID, OBJECT_ID, VALUE) VALUES (66, 27, 'DianaLorentz@mail.ru');

-- телефон 
INSERT INTO OBJECTS (OBJECT_ID, PARENT_ID, OBJECT_TYPE_ID, NAME, DESCRIPTION) VALUES (51, NULL, 22, '+3085410111', NULL);
INSERT INTO ATTRIBUTES (ATTR_ID, OBJECT_ID, VALUE) VALUES (64, 51, '+3085410111');
INSERT INTO OBJREFERENCE (ATTR_ID, OBJECT_ID, REFERENCE) VALUES (63, 51, 45);
INSERT INTO OBJREFERENCE (ATTR_ID, OBJECT_ID, REFERENCE) VALUES (68, 27, 51);

-- даем роль TM
INSERT INTO OBJREFERENCE (ATTR_ID, OBJECT_ID, REFERENCE) VALUES (3, 27, 5);


-- заполнение атрибутов Nancy Greenberg
INSERT INTO ATTRIBUTES (ATTR_ID, OBJECT_ID, VALUE) VALUES (1, 28, 'Nancy');
INSERT INTO ATTRIBUTES (ATTR_ID, OBJECT_ID, VALUE) VALUES (2, 28, 'Greenberg');
INSERT INTO ATTRIBUTES (ATTR_ID, OBJECT_ID, DATE_VALUE) VALUES (4, 28, '02.10.2003');
INSERT INTO ATTRIBUTES (ATTR_ID, OBJECT_ID, VALUE) VALUES (65, 28, 'Nancy Greenberg');
INSERT INTO ATTRIBUTES (ATTR_ID, OBJECT_ID, VALUE) VALUES (66, 28, 'NancyGreenberg@mail.ru');

-- телефон 
INSERT INTO OBJECTS (OBJECT_ID, PARENT_ID, OBJECT_TYPE_ID, NAME, DESCRIPTION) VALUES (52, NULL, 22, '+3085410111', NULL);
INSERT INTO ATTRIBUTES (ATTR_ID, OBJECT_ID, VALUE) VALUES (64, 52, '+3085410111');
INSERT INTO OBJREFERENCE (ATTR_ID, OBJECT_ID, REFERENCE) VALUES (63, 52, 45);
INSERT INTO OBJREFERENCE (ATTR_ID, OBJECT_ID, REFERENCE) VALUES (68, 28, 52);

-- даем роль TM
INSERT INTO OBJREFERENCE (ATTR_ID, OBJECT_ID, REFERENCE) VALUES (3, 28, 5);


-- заполнение атрибутов Daniel Faviet
INSERT INTO ATTRIBUTES (ATTR_ID, OBJECT_ID, VALUE) VALUES (1, 29, 'Daniel');
INSERT INTO ATTRIBUTES (ATTR_ID, OBJECT_ID, VALUE) VALUES (2, 29, 'Faviet');
INSERT INTO ATTRIBUTES (ATTR_ID, OBJECT_ID, DATE_VALUE) VALUES (4, 29, '22.05.2010');
INSERT INTO ATTRIBUTES (ATTR_ID, OBJECT_ID, VALUE) VALUES (65, 29, 'Daniel Faviet');
INSERT INTO ATTRIBUTES (ATTR_ID, OBJECT_ID, VALUE) VALUES (66, 29, 'DanielFaviet@mail.ru');

-- телефон 
INSERT INTO OBJECTS (OBJECT_ID, PARENT_ID, OBJECT_TYPE_ID, NAME, DESCRIPTION) VALUES (53, NULL, 22, '+3085410111', NULL);
INSERT INTO ATTRIBUTES (ATTR_ID, OBJECT_ID, VALUE) VALUES (64, 53, '+3085410111');
INSERT INTO OBJREFERENCE (ATTR_ID, OBJECT_ID, REFERENCE) VALUES (63, 53, 45);
INSERT INTO OBJREFERENCE (ATTR_ID, OBJECT_ID, REFERENCE) VALUES (68, 29, 53);

-- даем роль TM
INSERT INTO OBJREFERENCE (ATTR_ID, OBJECT_ID, REFERENCE) VALUES (3, 29, 5);


-- заполнение атрибутов John Chen
INSERT INTO ATTRIBUTES (ATTR_ID, OBJECT_ID, VALUE) VALUES (1, 30, 'John');
INSERT INTO ATTRIBUTES (ATTR_ID, OBJECT_ID, VALUE) VALUES (2, 30, 'Chen');
INSERT INTO ATTRIBUTES (ATTR_ID, OBJECT_ID, DATE_VALUE) VALUES (4, 30, '31.12.2011');
INSERT INTO ATTRIBUTES (ATTR_ID, OBJECT_ID, VALUE) VALUES (65, 30, 'John Chen');
INSERT INTO ATTRIBUTES (ATTR_ID, OBJECT_ID, VALUE) VALUES (66, 30, 'JohnChen@mail.ru');

-- телефон 
INSERT INTO OBJECTS (OBJECT_ID, PARENT_ID, OBJECT_TYPE_ID, NAME, DESCRIPTION) VALUES (54, NULL, 22, '+3085410111', NULL);
INSERT INTO ATTRIBUTES (ATTR_ID, OBJECT_ID, VALUE) VALUES (64, 54, '+3085410111');
INSERT INTO OBJREFERENCE (ATTR_ID, OBJECT_ID, REFERENCE) VALUES (63, 54, 45);
INSERT INTO OBJREFERENCE (ATTR_ID, OBJECT_ID, REFERENCE) VALUES (68, 30, 54);

-- даем роль TM
INSERT INTO OBJREFERENCE (ATTR_ID, OBJECT_ID, REFERENCE) VALUES (3, 30, 5);


-- заполнение атрибутов Ismael Sciarra
INSERT INTO ATTRIBUTES (ATTR_ID, OBJECT_ID, VALUE) VALUES (1, 31, 'Ismael');
INSERT INTO ATTRIBUTES (ATTR_ID, OBJECT_ID, VALUE) VALUES (2, 31, 'Sciarra');
INSERT INTO ATTRIBUTES (ATTR_ID, OBJECT_ID, DATE_VALUE) VALUES (4, 31, '24.03.2001');
INSERT INTO ATTRIBUTES (ATTR_ID, OBJECT_ID, VALUE) VALUES (65, 31, 'Ismael Sciarra');
INSERT INTO ATTRIBUTES (ATTR_ID, OBJECT_ID, VALUE) VALUES (66, 31, 'IsmaelSciarra@mail.ru');

-- телефон 
INSERT INTO OBJECTS (OBJECT_ID, PARENT_ID, OBJECT_TYPE_ID, NAME, DESCRIPTION) VALUES (55, NULL, 22, '+3085410111', NULL);
INSERT INTO ATTRIBUTES (ATTR_ID, OBJECT_ID, VALUE) VALUES (64, 55, '+3085410111');
INSERT INTO OBJREFERENCE (ATTR_ID, OBJECT_ID, REFERENCE) VALUES (63, 55, 45);
INSERT INTO OBJREFERENCE (ATTR_ID, OBJECT_ID, REFERENCE) VALUES (68, 31, 55);

-- даем роль Developer
INSERT INTO OBJREFERENCE (ATTR_ID, OBJECT_ID, REFERENCE) VALUES (3, 31, 4);


-- заполнение атрибутов Jose Manuel
INSERT INTO ATTRIBUTES (ATTR_ID, OBJECT_ID, VALUE) VALUES (1, 32, 'Jose');
INSERT INTO ATTRIBUTES (ATTR_ID, OBJECT_ID, VALUE) VALUES (2, 32, 'Manuel');
INSERT INTO ATTRIBUTES (ATTR_ID, OBJECT_ID, DATE_VALUE) VALUES (4, 32, '11.04.1996');
INSERT INTO ATTRIBUTES (ATTR_ID, OBJECT_ID, VALUE) VALUES (65, 32, 'Jose Manuel');
INSERT INTO ATTRIBUTES (ATTR_ID, OBJECT_ID, VALUE) VALUES (66, 32, 'JoseManuel@mail.ru');

-- телефон 
INSERT INTO OBJECTS (OBJECT_ID, PARENT_ID, OBJECT_TYPE_ID, NAME, DESCRIPTION) VALUES (56, NULL, 22, '+3085410111', NULL);
INSERT INTO ATTRIBUTES (ATTR_ID, OBJECT_ID, VALUE) VALUES (64, 56, '+3085410111');
INSERT INTO OBJREFERENCE (ATTR_ID, OBJECT_ID, REFERENCE) VALUES (63, 56, 45);
INSERT INTO OBJREFERENCE (ATTR_ID, OBJECT_ID, REFERENCE) VALUES (68, 32, 56);

-- даем роль Developer
INSERT INTO OBJREFERENCE (ATTR_ID, OBJECT_ID, REFERENCE) VALUES (3, 32, 4);


-- заполнение атрибутов Luis Popp
INSERT INTO ATTRIBUTES (ATTR_ID, OBJECT_ID, VALUE) VALUES (1, 33, 'Luis');
INSERT INTO ATTRIBUTES (ATTR_ID, OBJECT_ID, VALUE) VALUES (2, 33, 'Popp');
INSERT INTO ATTRIBUTES (ATTR_ID, OBJECT_ID, DATE_VALUE) VALUES (4, 33, '25.06.1997');
INSERT INTO ATTRIBUTES (ATTR_ID, OBJECT_ID, VALUE) VALUES (65, 33, 'Luis Popp');
INSERT INTO ATTRIBUTES (ATTR_ID, OBJECT_ID, VALUE) VALUES (66, 33, 'LuisPopp@mail.ru');

-- телефон 
INSERT INTO OBJECTS (OBJECT_ID, PARENT_ID, OBJECT_TYPE_ID, NAME, DESCRIPTION) VALUES (57, NULL, 22, '+3085410111', NULL);
INSERT INTO ATTRIBUTES (ATTR_ID, OBJECT_ID, VALUE) VALUES (64, 57, '+3085410111');
INSERT INTO OBJREFERENCE (ATTR_ID, OBJECT_ID, REFERENCE) VALUES (63, 57, 45);
INSERT INTO OBJREFERENCE (ATTR_ID, OBJECT_ID, REFERENCE) VALUES (68, 33, 57);

-- даем роль Developer
INSERT INTO OBJREFERENCE (ATTR_ID, OBJECT_ID, REFERENCE) VALUES (3, 33, 4);


-- заполнение атрибутов Den Raphaely
INSERT INTO ATTRIBUTES (ATTR_ID, OBJECT_ID, VALUE) VALUES (1, 34, 'Den');
INSERT INTO ATTRIBUTES (ATTR_ID, OBJECT_ID, VALUE) VALUES (2, 34, 'Raphaely');
INSERT INTO ATTRIBUTES (ATTR_ID, OBJECT_ID, DATE_VALUE) VALUES (4, 34, '02.12.2005');
INSERT INTO ATTRIBUTES (ATTR_ID, OBJECT_ID, VALUE) VALUES (65, 34, 'Den Raphaely');
INSERT INTO ATTRIBUTES (ATTR_ID, OBJECT_ID, VALUE) VALUES (66, 34, 'DenRaphaely@mail.ru');

-- телефон 
INSERT INTO OBJECTS (OBJECT_ID, PARENT_ID, OBJECT_TYPE_ID, NAME, DESCRIPTION) VALUES (58, NULL, 22, '+3085410111', NULL);
INSERT INTO ATTRIBUTES (ATTR_ID, OBJECT_ID, VALUE) VALUES (64, 58, '+3085410111');
INSERT INTO OBJREFERENCE (ATTR_ID, OBJECT_ID, REFERENCE) VALUES (63, 58, 45);
INSERT INTO OBJREFERENCE (ATTR_ID, OBJECT_ID, REFERENCE) VALUES (68, 34, 58);

-- даем роль Developer
INSERT INTO OBJREFERENCE (ATTR_ID, OBJECT_ID, REFERENCE) VALUES (3, 34, 4);


-- заполнение атрибутов Alexander Khoo
INSERT INTO ATTRIBUTES (ATTR_ID, OBJECT_ID, VALUE) VALUES (1, 35, 'Alexander');
INSERT INTO ATTRIBUTES (ATTR_ID, OBJECT_ID, VALUE) VALUES (2, 35, 'Khoo');
INSERT INTO ATTRIBUTES (ATTR_ID, OBJECT_ID, DATE_VALUE) VALUES (4, 35, '07.12.2007');
INSERT INTO ATTRIBUTES (ATTR_ID, OBJECT_ID, VALUE) VALUES (65, 35, 'Alexander Khoo');
INSERT INTO ATTRIBUTES (ATTR_ID, OBJECT_ID, VALUE) VALUES (66, 35, 'AlexanderKhoo@mail.ru');

-- телефон 
INSERT INTO OBJECTS (OBJECT_ID, PARENT_ID, OBJECT_TYPE_ID, NAME, DESCRIPTION) VALUES (59, NULL, 22, '+3085410111', NULL);
INSERT INTO ATTRIBUTES (ATTR_ID, OBJECT_ID, VALUE) VALUES (64, 59, '+3085410111');
INSERT INTO OBJREFERENCE (ATTR_ID, OBJECT_ID, REFERENCE) VALUES (63, 59, 45);
INSERT INTO OBJREFERENCE (ATTR_ID, OBJECT_ID, REFERENCE) VALUES (68, 35, 59);

-- даем роль Developer
INSERT INTO OBJREFERENCE (ATTR_ID, OBJECT_ID, REFERENCE) VALUES (3, 35, 4);


-- заполнение атрибутов Shelli Baida
INSERT INTO ATTRIBUTES (ATTR_ID, OBJECT_ID, VALUE) VALUES (1, 36, 'Shelli');
INSERT INTO ATTRIBUTES (ATTR_ID, OBJECT_ID, VALUE) VALUES (2, 36, 'Baida');
INSERT INTO ATTRIBUTES (ATTR_ID, OBJECT_ID, DATE_VALUE) VALUES (4, 36, '12.01.2014');
INSERT INTO ATTRIBUTES (ATTR_ID, OBJECT_ID, VALUE) VALUES (65, 36, 'Shelli Baida');
INSERT INTO ATTRIBUTES (ATTR_ID, OBJECT_ID, VALUE) VALUES (66, 36, 'ShelliBaida@mail.ru');

-- телефон 
INSERT INTO OBJECTS (OBJECT_ID, PARENT_ID, OBJECT_TYPE_ID, NAME, DESCRIPTION) VALUES (60, NULL, 22, '+3085410111', NULL);
INSERT INTO ATTRIBUTES (ATTR_ID, OBJECT_ID, VALUE) VALUES (64, 60, '+3085410111');
INSERT INTO OBJREFERENCE (ATTR_ID, OBJECT_ID, REFERENCE) VALUES (63, 60, 45);
INSERT INTO OBJREFERENCE (ATTR_ID, OBJECT_ID, REFERENCE) VALUES (68, 36, 60);

-- даем роль Developer
INSERT INTO OBJREFERENCE (ATTR_ID, OBJECT_ID, REFERENCE) VALUES (3, 36, 4);


-- заполнение атрибутов Sigal Tobias
INSERT INTO ATTRIBUTES (ATTR_ID, OBJECT_ID, VALUE) VALUES (1, 37, 'Sigal');
INSERT INTO ATTRIBUTES (ATTR_ID, OBJECT_ID, VALUE) VALUES (2, 37, 'Tobias');
INSERT INTO ATTRIBUTES (ATTR_ID, OBJECT_ID, DATE_VALUE) VALUES (4, 37, '12.12.2012');
INSERT INTO ATTRIBUTES (ATTR_ID, OBJECT_ID, VALUE) VALUES (65, 37, 'Sigal Tobias');
INSERT INTO ATTRIBUTES (ATTR_ID, OBJECT_ID, VALUE) VALUES (66, 37, 'SigalTobias@mail.ru');

-- телефон 
INSERT INTO OBJECTS (OBJECT_ID, PARENT_ID, OBJECT_TYPE_ID, NAME, DESCRIPTION) VALUES (61, NULL, 22, '+3085410111', NULL);
INSERT INTO ATTRIBUTES (ATTR_ID, OBJECT_ID, VALUE) VALUES (64, 61, '+3085410111');
INSERT INTO OBJREFERENCE (ATTR_ID, OBJECT_ID, REFERENCE) VALUES (63, 61, 45);
INSERT INTO OBJREFERENCE (ATTR_ID, OBJECT_ID, REFERENCE) VALUES (68, 37, 61);

-- даем роль Developer
INSERT INTO OBJREFERENCE (ATTR_ID, OBJECT_ID, REFERENCE) VALUES (3, 37, 4);


-- заполнение атрибутов Guy Himuro
INSERT INTO ATTRIBUTES (ATTR_ID, OBJECT_ID, VALUE) VALUES (1, 38, 'Guy');
INSERT INTO ATTRIBUTES (ATTR_ID, OBJECT_ID, VALUE) VALUES (2, 38, 'Himuro');
INSERT INTO ATTRIBUTES (ATTR_ID, OBJECT_ID, DATE_VALUE) VALUES (4, 38, '21.04.2004');
INSERT INTO ATTRIBUTES (ATTR_ID, OBJECT_ID, VALUE) VALUES (65, 38, 'Guy Himuro');
INSERT INTO ATTRIBUTES (ATTR_ID, OBJECT_ID, VALUE) VALUES (66, 38, 'GuyHimuro@mail.ru');

-- телефон 
INSERT INTO OBJECTS (OBJECT_ID, PARENT_ID, OBJECT_TYPE_ID, NAME, DESCRIPTION) VALUES (62, NULL, 22, '+3085410111', NULL);
INSERT INTO ATTRIBUTES (ATTR_ID, OBJECT_ID, VALUE) VALUES (64, 62, '+3085410111');
INSERT INTO OBJREFERENCE (ATTR_ID, OBJECT_ID, REFERENCE) VALUES (63, 62, 45);
INSERT INTO OBJREFERENCE (ATTR_ID, OBJECT_ID, REFERENCE) VALUES (68, 38, 62);

-- даем роль Developer
INSERT INTO OBJREFERENCE (ATTR_ID, OBJECT_ID, REFERENCE) VALUES (3, 38, 4);


-- заполнение атрибутов Karen Colmenares
INSERT INTO ATTRIBUTES (ATTR_ID, OBJECT_ID, VALUE) VALUES (1, 39, 'Karen');
INSERT INTO ATTRIBUTES (ATTR_ID, OBJECT_ID, VALUE) VALUES (2, 39, 'Colmenares');
INSERT INTO ATTRIBUTES (ATTR_ID, OBJECT_ID, DATE_VALUE) VALUES (4, 39, '27.12.2000');
INSERT INTO ATTRIBUTES (ATTR_ID, OBJECT_ID, VALUE) VALUES (65, 39, 'Karen Colmenares');
INSERT INTO ATTRIBUTES (ATTR_ID, OBJECT_ID, VALUE) VALUES (66, 39, 'KarenColmenares@mail.ru');

-- телефон 
INSERT INTO OBJECTS (OBJECT_ID, PARENT_ID, OBJECT_TYPE_ID, NAME, DESCRIPTION) VALUES (63, NULL, 22, '+3085410111', NULL);
INSERT INTO ATTRIBUTES (ATTR_ID, OBJECT_ID, VALUE) VALUES (64, 63, '+3085410111');
INSERT INTO OBJREFERENCE (ATTR_ID, OBJECT_ID, REFERENCE) VALUES (63, 63, 45);
INSERT INTO OBJREFERENCE (ATTR_ID, OBJECT_ID, REFERENCE) VALUES (68, 39, 63);

-- даем роль Developer
INSERT INTO OBJREFERENCE (ATTR_ID, OBJECT_ID, REFERENCE) VALUES (3, 39, 4);


-- заполнение атрибутов Matthew Weiss
INSERT INTO ATTRIBUTES (ATTR_ID, OBJECT_ID, VALUE) VALUES (1, 40, 'Matthew');
INSERT INTO ATTRIBUTES (ATTR_ID, OBJECT_ID, VALUE) VALUES (2, 40, 'Weiss');
INSERT INTO ATTRIBUTES (ATTR_ID, OBJECT_ID, DATE_VALUE) VALUES (4, 40, '24.10.2004');
INSERT INTO ATTRIBUTES (ATTR_ID, OBJECT_ID, VALUE) VALUES (65, 40, 'Matthew Weiss');
INSERT INTO ATTRIBUTES (ATTR_ID, OBJECT_ID, VALUE) VALUES (66, 40, 'MatthewWeiss@mail.ru');

-- телефон 
INSERT INTO OBJECTS (OBJECT_ID, PARENT_ID, OBJECT_TYPE_ID, NAME, DESCRIPTION) VALUES (64, NULL, 22, '+3085410111', NULL);
INSERT INTO ATTRIBUTES (ATTR_ID, OBJECT_ID, VALUE) VALUES (64, 64, '+3085410111');
INSERT INTO OBJREFERENCE (ATTR_ID, OBJECT_ID, REFERENCE) VALUES (63, 64, 45);
INSERT INTO OBJREFERENCE (ATTR_ID, OBJECT_ID, REFERENCE) VALUES (68, 40, 64);

-- даем роль Developer
INSERT INTO OBJREFERENCE (ATTR_ID, OBJECT_ID, REFERENCE) VALUES (3, 40, 4);


-- заполнение атрибутов Adam Fripp
INSERT INTO ATTRIBUTES (ATTR_ID, OBJECT_ID, VALUE) VALUES (1, 41, 'Adam');
INSERT INTO ATTRIBUTES (ATTR_ID, OBJECT_ID, VALUE) VALUES (2, 41, 'Fripp');
INSERT INTO ATTRIBUTES (ATTR_ID, OBJECT_ID, DATE_VALUE) VALUES (4, 41, '21.12.2007');
INSERT INTO ATTRIBUTES (ATTR_ID, OBJECT_ID, VALUE) VALUES (65, 41, 'Adam Fripp');
INSERT INTO ATTRIBUTES (ATTR_ID, OBJECT_ID, VALUE) VALUES (66, 41, 'AdamFripp@mail.ru');

-- телефон 
INSERT INTO OBJECTS (OBJECT_ID, PARENT_ID, OBJECT_TYPE_ID, NAME, DESCRIPTION) VALUES (65, NULL, 22, '+3085410111', NULL);
INSERT INTO ATTRIBUTES (ATTR_ID, OBJECT_ID, VALUE) VALUES (64, 65, '+3085410111');
INSERT INTO OBJREFERENCE (ATTR_ID, OBJECT_ID, REFERENCE) VALUES (63, 65, 45);
INSERT INTO OBJREFERENCE (ATTR_ID, OBJECT_ID, REFERENCE) VALUES (68, 41, 65);

-- даем роль Developer
INSERT INTO OBJREFERENCE (ATTR_ID, OBJECT_ID, REFERENCE) VALUES (3, 41, 4);


-- создаем Customer
INSERT INTO OBJECTS (OBJECT_ID, PARENT_ID, OBJECT_TYPE_ID, NAME, DESCRIPTION) VALUES (66, NULL, 1, 'Samsung', NULL);

-- заполнение атрибутов Samsung
INSERT INTO ATTRIBUTES (ATTR_ID, OBJECT_ID, VALUE) VALUES (1, 66, 'Samsung');
INSERT INTO ATTRIBUTES (ATTR_ID, OBJECT_ID, VALUE) VALUES (2, 66, 'Samsung');
INSERT INTO ATTRIBUTES (ATTR_ID, OBJECT_ID, DATE_VALUE) VALUES (4, 66, '12.08.2000');
INSERT INTO ATTRIBUTES (ATTR_ID, OBJECT_ID, VALUE) VALUES (6, 66, 'Samsung Company');
INSERT INTO ATTRIBUTES (ATTR_ID, OBJECT_ID, VALUE) VALUES (65, 66, 'Name Samsung');
INSERT INTO ATTRIBUTES (ATTR_ID, OBJECT_ID, VALUE) VALUES (66, 66, 'SamsungCompany@mail.ru');

-- телефон 
INSERT INTO OBJECTS (OBJECT_ID, PARENT_ID, OBJECT_TYPE_ID, NAME, DESCRIPTION) VALUES (67, NULL, 22, '+3085410111', NULL);
INSERT INTO ATTRIBUTES (ATTR_ID, OBJECT_ID, VALUE) VALUES (64, 67, '+3085410111');
INSERT INTO OBJREFERENCE (ATTR_ID, OBJECT_ID, REFERENCE) VALUES (63, 67, 45);
INSERT INTO OBJREFERENCE (ATTR_ID, OBJECT_ID, REFERENCE) VALUES (68, 66, 67);

-- даем роль Customer
INSERT INTO OBJREFERENCE (ATTR_ID, OBJECT_ID, REFERENCE) VALUES (3, 66, 2);

-- создание контакта
INSERT INTO OBJECTS (OBJECT_ID, PARENT_ID, OBJECT_TYPE_ID, NAME, DESCRIPTION) VALUES (68, NULL, 10, 'Samsung BA', NULL);

INSERT INTO ATTRIBUTES (ATTR_ID, OBJECT_ID, VALUE) VALUES (36, 68, 'Samsung BA');
INSERT INTO ATTRIBUTES (ATTR_ID, OBJECT_ID, VALUE) VALUES (37, 68, 'SamsungBA@mail.ru');
-- телефон 
INSERT INTO OBJECTS (OBJECT_ID, PARENT_ID, OBJECT_TYPE_ID, NAME, DESCRIPTION) VALUES (69, NULL, 22, '+30153432', NULL);
INSERT INTO ATTRIBUTES (ATTR_ID, OBJECT_ID, VALUE) VALUES (64, 69, '+30153432');
INSERT INTO OBJREFERENCE (ATTR_ID, OBJECT_ID, REFERENCE) VALUES (63, 69, 45);
INSERT INTO OBJREFERENCE (ATTR_ID, OBJECT_ID, REFERENCE) VALUES (39, 68, 69);

INSERT INTO OBJECTS (OBJECT_ID, PARENT_ID, OBJECT_TYPE_ID, NAME, DESCRIPTION) VALUES (70, NULL, 22, '+3048153432', NULL);
INSERT INTO ATTRIBUTES (ATTR_ID, OBJECT_ID, VALUE) VALUES (64, 70, '+3048153432');
INSERT INTO OBJREFERENCE (ATTR_ID, OBJECT_ID, REFERENCE) VALUES (63, 70, 45);
INSERT INTO OBJREFERENCE (ATTR_ID, OBJECT_ID, REFERENCE) VALUES (39, 68, 70);

INSERT INTO OBJREFERENCE (ATTR_ID, OBJECT_ID, REFERENCE) VALUES (5, 66, 68);

-- создание контакта
INSERT INTO OBJECTS (OBJECT_ID, PARENT_ID, OBJECT_TYPE_ID, NAME, DESCRIPTION) VALUES (71, NULL, 10, 'Samsung PM', NULL);

INSERT INTO ATTRIBUTES (ATTR_ID, OBJECT_ID, VALUE) VALUES (36, 71, 'Samsung PM');
INSERT INTO ATTRIBUTES (ATTR_ID, OBJECT_ID, VALUE) VALUES (37, 71, 'SamsungPM@mail.ru');
-- телефон 
INSERT INTO OBJECTS (OBJECT_ID, PARENT_ID, OBJECT_TYPE_ID, NAME, DESCRIPTION) VALUES (72, NULL, 22, '+7430153432', NULL);
INSERT INTO ATTRIBUTES (ATTR_ID, OBJECT_ID, VALUE) VALUES (64, 72, '+7430153432');
INSERT INTO OBJREFERENCE (ATTR_ID, OBJECT_ID, REFERENCE) VALUES (63, 72, 45);
INSERT INTO OBJREFERENCE (ATTR_ID, OBJECT_ID, REFERENCE) VALUES (39, 71, 72);

INSERT INTO OBJECTS (OBJECT_ID, PARENT_ID, OBJECT_TYPE_ID, NAME, DESCRIPTION) VALUES (73, NULL, 22, '+3048153432', NULL);
INSERT INTO ATTRIBUTES (ATTR_ID, OBJECT_ID, VALUE) VALUES (64, 73, '+3048153432');
INSERT INTO OBJREFERENCE (ATTR_ID, OBJECT_ID, REFERENCE) VALUES (63, 73, 45);
INSERT INTO OBJREFERENCE (ATTR_ID, OBJECT_ID, REFERENCE) VALUES (39, 71, 73);

INSERT INTO OBJREFERENCE (ATTR_ID, OBJECT_ID, REFERENCE) VALUES (5, 66, 71);



-- создание Project1
INSERT INTO OBJECTS (OBJECT_ID, PARENT_ID, OBJECT_TYPE_ID, NAME, DESCRIPTION) VALUES (74, NULL, 3, 'Project 1', NULL);
INSERT INTO ATTRIBUTES (ATTR_ID, OBJECT_ID, VALUE) VALUES (7, 74, 'Project 1 Name');
INSERT INTO ATTRIBUTES (ATTR_ID, OBJECT_ID, VALUE) VALUES (8, 74, 66);
INSERT INTO ATTRIBUTES (ATTR_ID, OBJECT_ID, DATE_VALUE) VALUES (9, 74, '25.09.2014');
INSERT INTO ATTRIBUTES (ATTR_ID, OBJECT_ID, VALUE) VALUES (10, 74, 'First project. Description');
INSERT INTO OBJREFERENCE (ATTR_ID, OBJECT_ID, REFERENCE) VALUES (11, 74, 13);
INSERT INTO ATTRIBUTES (ATTR_ID, OBJECT_ID, DATE_VALUE) VALUES (12, 74, '01.01.2020');
INSERT INTO ATTRIBUTES (ATTR_ID, OBJECT_ID, VALUE) VALUES (14, 74, 999999999);
INSERT INTO OBJREFERENCE (ATTR_ID, OBJECT_ID, REFERENCE) VALUES (17, 74, 23);

-- создание Module 1
INSERT INTO OBJECTS (OBJECT_ID, PARENT_ID, OBJECT_TYPE_ID, NAME, DESCRIPTION) VALUES (75, NULL, 4, 'Module 1 Samsung. Project 1', NULL);
INSERT INTO ATTRIBUTES (ATTR_ID, OBJECT_ID, VALUE) VALUES (7, 75, 'Module 1 Name. Project 1');
INSERT INTO ATTRIBUTES (ATTR_ID, OBJECT_ID, VALUE) VALUES (8, 75, 23);
INSERT INTO ATTRIBUTES (ATTR_ID, OBJECT_ID, DATE_VALUE) VALUES (9, 75, '16.10.2014');
INSERT INTO ATTRIBUTES (ATTR_ID, OBJECT_ID, VALUE) VALUES (10, 75, 'First module for Samsung');
INSERT INTO OBJREFERENCE (ATTR_ID, OBJECT_ID, REFERENCE) VALUES (11, 75, 13);
INSERT INTO ATTRIBUTES (ATTR_ID, OBJECT_ID, DATE_VALUE) VALUES (12, 75, '02.02.2016');
INSERT INTO OBJREFERENCE (ATTR_ID, OBJECT_ID, REFERENCE) VALUES (18, 75, 25);
INSERT INTO OBJREFERENCE (ATTR_ID, OBJECT_ID, REFERENCE) VALUES (16, 74, 75);
INSERT INTO ATTRIBUTES (ATTR_ID, OBJECT_ID, VALUE) VALUES (20, 75, 5);
-- создание Module 2
INSERT INTO OBJECTS (OBJECT_ID, PARENT_ID, OBJECT_TYPE_ID, NAME, DESCRIPTION) VALUES (76, NULL, 4, 'Module 2 Samsung. Project 1', NULL);
INSERT INTO ATTRIBUTES (ATTR_ID, OBJECT_ID, VALUE) VALUES (7, 76, 'Module 2 Name. Project 1');
INSERT INTO ATTRIBUTES (ATTR_ID, OBJECT_ID, VALUE) VALUES (8, 76, 23);
INSERT INTO ATTRIBUTES (ATTR_ID, OBJECT_ID, DATE_VALUE) VALUES (9, 76, '16.10.2014');
INSERT INTO ATTRIBUTES (ATTR_ID, OBJECT_ID, VALUE) VALUES (10, 76, 'Second module for Samsung');
INSERT INTO OBJREFERENCE (ATTR_ID, OBJECT_ID, REFERENCE) VALUES (11, 76, 13);
INSERT INTO ATTRIBUTES (ATTR_ID, OBJECT_ID, DATE_VALUE) VALUES (12, 76, '02.12.2015');
INSERT INTO OBJREFERENCE (ATTR_ID, OBJECT_ID, REFERENCE) VALUES (18, 76, 26);
INSERT INTO OBJREFERENCE (ATTR_ID, OBJECT_ID, REFERENCE) VALUES (16, 74, 76);
INSERT INTO ATTRIBUTES (ATTR_ID, OBJECT_ID, VALUE) VALUES (20, 76, 5);
-- создание Task 1
INSERT INTO OBJECTS (OBJECT_ID, PARENT_ID, OBJECT_TYPE_ID, NAME, DESCRIPTION) VALUES (77, NULL, 5, 'Task 1 Samsung', NULL);
INSERT INTO ATTRIBUTES (ATTR_ID, OBJECT_ID, VALUE) VALUES (7, 77, 'Task 1 Name. Project 1');
INSERT INTO ATTRIBUTES (ATTR_ID, OBJECT_ID, VALUE) VALUES (8, 77, 26);
INSERT INTO ATTRIBUTES (ATTR_ID, OBJECT_ID, DATE_VALUE) VALUES (9, 77, '16.10.2014');
INSERT INTO ATTRIBUTES (ATTR_ID, OBJECT_ID, VALUE) VALUES (10, 77, 'First task for Module 1');
INSERT INTO OBJREFERENCE (ATTR_ID, OBJECT_ID, REFERENCE) VALUES (11, 77, 13);
INSERT INTO ATTRIBUTES (ATTR_ID, OBJECT_ID, DATE_VALUE) VALUES (12, 77, '02.12.2015');
INSERT INTO OBJREFERENCE (ATTR_ID, OBJECT_ID, REFERENCE) VALUES (19, 75, 77);
INSERT INTO ATTRIBUTES (ATTR_ID, OBJECT_ID, VALUE) VALUES (21, 77, 38);
INSERT INTO ATTRIBUTES (ATTR_ID, OBJECT_ID, VALUE) VALUES (22, 77, 4);
INSERT INTO OBJREFERENCE (ATTR_ID, OBJECT_ID, REFERENCE) VALUES (23, 77, 23);
INSERT INTO OBJREFERENCE (ATTR_ID, OBJECT_ID, REFERENCE) VALUES (23, 77, 25);
INSERT INTO OBJREFERENCE (ATTR_ID, OBJECT_ID, REFERENCE) VALUES (23, 77, 27);
-- создание Task 2
INSERT INTO OBJECTS (OBJECT_ID, PARENT_ID, OBJECT_TYPE_ID, NAME, DESCRIPTION) VALUES (78, NULL, 5, 'Task 2 Samsung', NULL);
INSERT INTO ATTRIBUTES (ATTR_ID, OBJECT_ID, VALUE) VALUES (7, 78, 'Task 2 Name. Project 1');
INSERT INTO ATTRIBUTES (ATTR_ID, OBJECT_ID, VALUE) VALUES (8, 78, 26);
INSERT INTO ATTRIBUTES (ATTR_ID, OBJECT_ID, DATE_VALUE) VALUES (9, 78, '16.10.2014');
INSERT INTO ATTRIBUTES (ATTR_ID, OBJECT_ID, VALUE) VALUES (10, 78, 'Second task for Module 1');
INSERT INTO OBJREFERENCE (ATTR_ID, OBJECT_ID, REFERENCE) VALUES (11, 78, 16);
INSERT INTO ATTRIBUTES (ATTR_ID, OBJECT_ID, DATE_VALUE) VALUES (12, 78, '16.11.2015');
INSERT INTO OBJREFERENCE (ATTR_ID, OBJECT_ID, REFERENCE) VALUES (19, 75, 78);
INSERT INTO ATTRIBUTES (ATTR_ID, OBJECT_ID, VALUE) VALUES (21, 78, 39);
INSERT INTO ATTRIBUTES (ATTR_ID, OBJECT_ID, VALUE) VALUES (22, 78, 4);
INSERT INTO OBJREFERENCE (ATTR_ID, OBJECT_ID, REFERENCE) VALUES (23, 78, 23);
-- создание Task 3
INSERT INTO OBJECTS (OBJECT_ID, PARENT_ID, OBJECT_TYPE_ID, NAME, DESCRIPTION) VALUES (79, NULL, 5, 'Task 3 Samsung', NULL);
INSERT INTO ATTRIBUTES (ATTR_ID, OBJECT_ID, VALUE) VALUES (7, 79, 'Task 3 Name. Project 1');
INSERT INTO ATTRIBUTES (ATTR_ID, OBJECT_ID, VALUE) VALUES (8, 79, 26);
INSERT INTO ATTRIBUTES (ATTR_ID, OBJECT_ID, DATE_VALUE) VALUES (9, 79, '16.10.2014');
INSERT INTO ATTRIBUTES (ATTR_ID, OBJECT_ID, VALUE) VALUES (10, 79, 'First task for Module 2');
INSERT INTO OBJREFERENCE (ATTR_ID, OBJECT_ID, REFERENCE) VALUES (11, 79, 14);
INSERT INTO ATTRIBUTES (ATTR_ID, OBJECT_ID, DATE_VALUE) VALUES (12, 79, '15.11.2015');
INSERT INTO ATTRIBUTES (ATTR_ID, OBJECT_ID, DATE_VALUE) VALUES (13, 79, '10.11.2015');
INSERT INTO OBJREFERENCE (ATTR_ID, OBJECT_ID, REFERENCE) VALUES (19, 76, 79);
INSERT INTO ATTRIBUTES (ATTR_ID, OBJECT_ID, VALUE) VALUES (21, 79, 40);
INSERT INTO ATTRIBUTES (ATTR_ID, OBJECT_ID, VALUE) VALUES (22, 79, 2);
-- создание Task 4
INSERT INTO OBJECTS (OBJECT_ID, PARENT_ID, OBJECT_TYPE_ID, NAME, DESCRIPTION) VALUES (80, NULL, 5, 'Task 4 Samsung', NULL);
INSERT INTO ATTRIBUTES (ATTR_ID, OBJECT_ID, VALUE) VALUES (7, 80, 'Task 2 Name. Project 1');
INSERT INTO ATTRIBUTES (ATTR_ID, OBJECT_ID, VALUE) VALUES (8, 80, 26);
INSERT INTO ATTRIBUTES (ATTR_ID, OBJECT_ID, DATE_VALUE) VALUES (9, 80, '16.10.2014');
INSERT INTO ATTRIBUTES (ATTR_ID, OBJECT_ID, VALUE) VALUES (10, 80, 'Second task for Module 2');
INSERT INTO OBJREFERENCE (ATTR_ID, OBJECT_ID, REFERENCE) VALUES (11, 80, 13);
INSERT INTO ATTRIBUTES (ATTR_ID, OBJECT_ID, DATE_VALUE) VALUES (12, 80, '16.11.2015');
INSERT INTO OBJREFERENCE (ATTR_ID, OBJECT_ID, REFERENCE) VALUES (19, 76, 80);
INSERT INTO ATTRIBUTES (ATTR_ID, OBJECT_ID, VALUE) VALUES (21, 80, 36);
INSERT INTO ATTRIBUTES (ATTR_ID, OBJECT_ID, VALUE) VALUES (22, 80, 1);

-- создание Project2
INSERT INTO OBJECTS (OBJECT_ID, PARENT_ID, OBJECT_TYPE_ID, NAME, DESCRIPTION) VALUES (81, NULL, 3, 'Project 2', NULL);
INSERT INTO ATTRIBUTES (ATTR_ID, OBJECT_ID, VALUE) VALUES (7, 81, 'Project 2 Name');
INSERT INTO ATTRIBUTES (ATTR_ID, OBJECT_ID, VALUE) VALUES (8, 81, 66);
INSERT INTO ATTRIBUTES (ATTR_ID, OBJECT_ID, DATE_VALUE) VALUES (9, 81, '18.09.2015');
INSERT INTO ATTRIBUTES (ATTR_ID, OBJECT_ID, VALUE) VALUES (10, 81, 'Second project. Description');
INSERT INTO OBJREFERENCE (ATTR_ID, OBJECT_ID, REFERENCE) VALUES (11, 81, 13);
INSERT INTO ATTRIBUTES (ATTR_ID, OBJECT_ID, DATE_VALUE) VALUES (12, 81, '01.01.2018');
INSERT INTO ATTRIBUTES (ATTR_ID, OBJECT_ID, VALUE) VALUES (14, 81, 100000);
INSERT INTO OBJREFERENCE (ATTR_ID, OBJECT_ID, REFERENCE) VALUES (17, 81, 22);
-- создание Module 1
INSERT INTO OBJECTS (OBJECT_ID, PARENT_ID, OBJECT_TYPE_ID, NAME, DESCRIPTION) VALUES (82, NULL, 4, 'Module 1 Samsung. Project 2', NULL);
INSERT INTO ATTRIBUTES (ATTR_ID, OBJECT_ID, VALUE) VALUES (7, 82, 'Module 1 Name. Project 2');
INSERT INTO ATTRIBUTES (ATTR_ID, OBJECT_ID, VALUE) VALUES (8, 82, 22);
INSERT INTO ATTRIBUTES (ATTR_ID, OBJECT_ID, DATE_VALUE) VALUES (9, 82, '21.09.2015');
INSERT INTO ATTRIBUTES (ATTR_ID, OBJECT_ID, VALUE) VALUES (10, 82, 'First module for Samsung');
INSERT INTO OBJREFERENCE (ATTR_ID, OBJECT_ID, REFERENCE) VALUES (11, 82, 13);
INSERT INTO ATTRIBUTES (ATTR_ID, OBJECT_ID, DATE_VALUE) VALUES (12, 82, '02.02.2016');
INSERT INTO OBJREFERENCE (ATTR_ID, OBJECT_ID, REFERENCE) VALUES (18, 82, 29);
INSERT INTO OBJREFERENCE (ATTR_ID, OBJECT_ID, REFERENCE) VALUES (16, 81, 82);
INSERT INTO ATTRIBUTES (ATTR_ID, OBJECT_ID, VALUE) VALUES (20, 82, 5);
-- создание Module 2
INSERT INTO OBJECTS (OBJECT_ID, PARENT_ID, OBJECT_TYPE_ID, NAME, DESCRIPTION) VALUES (83, NULL, 4, 'Module 2 Samsung. Project 2', NULL);
INSERT INTO ATTRIBUTES (ATTR_ID, OBJECT_ID, VALUE) VALUES (7, 83, 'Module 2 Name. Project 2');
INSERT INTO ATTRIBUTES (ATTR_ID, OBJECT_ID, VALUE) VALUES (8, 83, 22);
INSERT INTO ATTRIBUTES (ATTR_ID, OBJECT_ID, DATE_VALUE) VALUES (9, 83, '21.10.2015');
INSERT INTO ATTRIBUTES (ATTR_ID, OBJECT_ID, VALUE) VALUES (10, 83, 'Second module for Samsung');
INSERT INTO OBJREFERENCE (ATTR_ID, OBJECT_ID, REFERENCE) VALUES (11, 83, 13);
INSERT INTO ATTRIBUTES (ATTR_ID, OBJECT_ID, DATE_VALUE) VALUES (12, 83, '02.12.2015');
INSERT INTO OBJREFERENCE (ATTR_ID, OBJECT_ID, REFERENCE) VALUES (18, 83, 30);
INSERT INTO OBJREFERENCE (ATTR_ID, OBJECT_ID, REFERENCE) VALUES (16, 81, 83);
INSERT INTO ATTRIBUTES (ATTR_ID, OBJECT_ID, VALUE) VALUES (20, 83, 3);
-- создание Task 1
INSERT INTO OBJECTS (OBJECT_ID, PARENT_ID, OBJECT_TYPE_ID, NAME, DESCRIPTION) VALUES (84, NULL, 5, 'Task 1 Samsung', NULL);
INSERT INTO ATTRIBUTES (ATTR_ID, OBJECT_ID, VALUE) VALUES (7, 84, 'Task 1 Name. Project 2');
INSERT INTO ATTRIBUTES (ATTR_ID, OBJECT_ID, VALUE) VALUES (8, 84, 29);
INSERT INTO ATTRIBUTES (ATTR_ID, OBJECT_ID, DATE_VALUE) VALUES (9, 84, '23.10.2014');
INSERT INTO ATTRIBUTES (ATTR_ID, OBJECT_ID, VALUE) VALUES (10, 84, 'First task for Module 1');
INSERT INTO OBJREFERENCE (ATTR_ID, OBJECT_ID, REFERENCE) VALUES (11, 84, 15);
INSERT INTO ATTRIBUTES (ATTR_ID, OBJECT_ID, DATE_VALUE) VALUES (12, 84, '02.10.2015');
INSERT INTO OBJREFERENCE (ATTR_ID, OBJECT_ID, REFERENCE) VALUES (19, 82, 84);
INSERT INTO ATTRIBUTES (ATTR_ID, OBJECT_ID, VALUE) VALUES (21, 84, 33);
INSERT INTO ATTRIBUTES (ATTR_ID, OBJECT_ID, VALUE) VALUES (22, 84, 4);
INSERT INTO OBJREFERENCE (ATTR_ID, OBJECT_ID, REFERENCE) VALUES (23, 84, 23);
-- создание Task 2
INSERT INTO OBJECTS (OBJECT_ID, PARENT_ID, OBJECT_TYPE_ID, NAME, DESCRIPTION) VALUES (85, NULL, 5, 'Task 2 Samsung', NULL);
INSERT INTO ATTRIBUTES (ATTR_ID, OBJECT_ID, VALUE) VALUES (7, 85, 'Task 2 Name. Project 2');
INSERT INTO ATTRIBUTES (ATTR_ID, OBJECT_ID, VALUE) VALUES (8, 85, 29);
INSERT INTO ATTRIBUTES (ATTR_ID, OBJECT_ID, DATE_VALUE) VALUES (9, 85, '25.10.2014');
INSERT INTO ATTRIBUTES (ATTR_ID, OBJECT_ID, VALUE) VALUES (10, 85, 'Second task for Module 1');
INSERT INTO OBJREFERENCE (ATTR_ID, OBJECT_ID, REFERENCE) VALUES (11, 85, 16);
INSERT INTO ATTRIBUTES (ATTR_ID, OBJECT_ID, DATE_VALUE) VALUES (12, 85, '16.09.2015');
INSERT INTO OBJREFERENCE (ATTR_ID, OBJECT_ID, REFERENCE) VALUES (19, 82, 85);
INSERT INTO ATTRIBUTES (ATTR_ID, OBJECT_ID, VALUE) VALUES (21, 85, 32);
INSERT INTO ATTRIBUTES (ATTR_ID, OBJECT_ID, VALUE) VALUES (22, 85, 4);
INSERT INTO OBJREFERENCE (ATTR_ID, OBJECT_ID, REFERENCE) VALUES (23, 85, 23);
-- создание Task 3
INSERT INTO OBJECTS (OBJECT_ID, PARENT_ID, OBJECT_TYPE_ID, NAME, DESCRIPTION) VALUES (86, NULL, 5, 'Task 3 Samsung', NULL);
INSERT INTO ATTRIBUTES (ATTR_ID, OBJECT_ID, VALUE) VALUES (7, 86, 'Task 3 Name. Project 1');
INSERT INTO ATTRIBUTES (ATTR_ID, OBJECT_ID, VALUE) VALUES (8, 86, 30);
INSERT INTO ATTRIBUTES (ATTR_ID, OBJECT_ID, DATE_VALUE) VALUES (9, 86, '24.10.2014');
INSERT INTO ATTRIBUTES (ATTR_ID, OBJECT_ID, VALUE) VALUES (10, 86, 'First task for Module 2');
INSERT INTO OBJREFERENCE (ATTR_ID, OBJECT_ID, REFERENCE) VALUES (11, 86, 13);
INSERT INTO ATTRIBUTES (ATTR_ID, OBJECT_ID, DATE_VALUE) VALUES (12, 86, '15.11.2015');
INSERT INTO OBJREFERENCE (ATTR_ID, OBJECT_ID, REFERENCE) VALUES (19, 83, 86);
INSERT INTO ATTRIBUTES (ATTR_ID, OBJECT_ID, VALUE) VALUES (21, 86, 40);
INSERT INTO ATTRIBUTES (ATTR_ID, OBJECT_ID, VALUE) VALUES (22, 86, 5);
-- создание Task 4
INSERT INTO OBJECTS (OBJECT_ID, PARENT_ID, OBJECT_TYPE_ID, NAME, DESCRIPTION) VALUES (87, NULL, 5, 'Task 4 Samsung', NULL);
INSERT INTO ATTRIBUTES (ATTR_ID, OBJECT_ID, VALUE) VALUES (7, 87, 'Task 2 Name. Project 1');
INSERT INTO ATTRIBUTES (ATTR_ID, OBJECT_ID, VALUE) VALUES (8, 87, 40);
INSERT INTO ATTRIBUTES (ATTR_ID, OBJECT_ID, DATE_VALUE) VALUES (9, 87, '25.01.2015');
INSERT INTO ATTRIBUTES (ATTR_ID, OBJECT_ID, VALUE) VALUES (10, 87, 'Second task for Module 2');
INSERT INTO OBJREFERENCE (ATTR_ID, OBJECT_ID, REFERENCE) VALUES (11, 87, 14);
INSERT INTO ATTRIBUTES (ATTR_ID, OBJECT_ID, DATE_VALUE) VALUES (12, 87, '16.11.2015');
INSERT INTO ATTRIBUTES (ATTR_ID, OBJECT_ID, DATE_VALUE) VALUES (13, 86, '15.11.2015');
INSERT INTO OBJREFERENCE (ATTR_ID, OBJECT_ID, REFERENCE) VALUES (19, 83, 87);
INSERT INTO ATTRIBUTES (ATTR_ID, OBJECT_ID, VALUE) VALUES (21, 87, 40);
INSERT INTO ATTRIBUTES (ATTR_ID, OBJECT_ID, VALUE) VALUES (22, 87, 5);
INSERT INTO ATTRIBUTES (ATTR_ID, OBJECT_ID, VALUE) VALUES (23, 87, 86);


-- создаем Customer
INSERT INTO OBJECTS (OBJECT_ID, PARENT_ID, OBJECT_TYPE_ID, NAME, DESCRIPTION) VALUES (88, NULL, 1, 'UMC', NULL);

-- заполнение атрибутов Samsung
INSERT INTO ATTRIBUTES (ATTR_ID, OBJECT_ID, VALUE) VALUES (1, 88, 'UMC');
INSERT INTO ATTRIBUTES (ATTR_ID, OBJECT_ID, VALUE) VALUES (2, 88, 'UMC');
INSERT INTO ATTRIBUTES (ATTR_ID, OBJECT_ID, DATE_VALUE) VALUES (4, 88, '12.04.2015');
INSERT INTO ATTRIBUTES (ATTR_ID, OBJECT_ID, VALUE) VALUES (6, 88, 'UMC Company');
INSERT INTO ATTRIBUTES (ATTR_ID, OBJECT_ID, VALUE) VALUES (65, 88, 'Name UMC');
INSERT INTO ATTRIBUTES (ATTR_ID, OBJECT_ID, VALUE) VALUES (66, 88, 'UMCCompany@mail.ru');

-- телефон 
INSERT INTO OBJECTS (OBJECT_ID, PARENT_ID, OBJECT_TYPE_ID, NAME, DESCRIPTION) VALUES (89, NULL, 22, '+3751250111', NULL);
INSERT INTO ATTRIBUTES (ATTR_ID, OBJECT_ID, VALUE) VALUES (64, 89, '+3751250111');
INSERT INTO OBJREFERENCE (ATTR_ID, OBJECT_ID, REFERENCE) VALUES (63, 89, 45);
INSERT INTO OBJREFERENCE (ATTR_ID, OBJECT_ID, REFERENCE) VALUES (68, 88, 89);

-- даем роль Customer
INSERT INTO OBJREFERENCE (ATTR_ID, OBJECT_ID, REFERENCE) VALUES (3, 88, 2);

-- создание контакта
INSERT INTO OBJECTS (OBJECT_ID, PARENT_ID, OBJECT_TYPE_ID, NAME, DESCRIPTION) VALUES (90, NULL, 10, 'UMC BA', NULL);

INSERT INTO ATTRIBUTES (ATTR_ID, OBJECT_ID, VALUE) VALUES (36, 90, 'UMC BA');
INSERT INTO ATTRIBUTES (ATTR_ID, OBJECT_ID, VALUE) VALUES (37, 90, 'UMCBA@mail.ru');
-- телефон 
INSERT INTO OBJECTS (OBJECT_ID, PARENT_ID, OBJECT_TYPE_ID, NAME, DESCRIPTION) VALUES (91, NULL, 22, '+1730153432', NULL);
INSERT INTO ATTRIBUTES (ATTR_ID, OBJECT_ID, VALUE) VALUES (64, 91, '+1730153432');
INSERT INTO OBJREFERENCE (ATTR_ID, OBJECT_ID, REFERENCE) VALUES (63, 91, 45);
INSERT INTO OBJREFERENCE (ATTR_ID, OBJECT_ID, REFERENCE) VALUES (39, 90, 91);

INSERT INTO OBJREFERENCE (ATTR_ID, OBJECT_ID, REFERENCE) VALUES (5, 88, 90);

-- создание Project1
INSERT INTO OBJECTS (OBJECT_ID, PARENT_ID, OBJECT_TYPE_ID, NAME, DESCRIPTION) VALUES (92, NULL, 3, 'Project UMC 1', NULL);
INSERT INTO ATTRIBUTES (ATTR_ID, OBJECT_ID, VALUE) VALUES (7, 92, 'Project UMC 1 Name');
INSERT INTO ATTRIBUTES (ATTR_ID, OBJECT_ID, VALUE) VALUES (8, 92, 88);
INSERT INTO ATTRIBUTES (ATTR_ID, OBJECT_ID, DATE_VALUE) VALUES (9, 92, '25.05.2015');
INSERT INTO ATTRIBUTES (ATTR_ID, OBJECT_ID, VALUE) VALUES (10, 92, 'First project UMC. Description');
INSERT INTO OBJREFERENCE (ATTR_ID, OBJECT_ID, REFERENCE) VALUES (11, 92, 13);
INSERT INTO ATTRIBUTES (ATTR_ID, OBJECT_ID, DATE_VALUE) VALUES (12, 92, '01.01.2020');
INSERT INTO ATTRIBUTES (ATTR_ID, OBJECT_ID, VALUE) VALUES (14, 92, 10000);
INSERT INTO OBJREFERENCE (ATTR_ID, OBJECT_ID, REFERENCE) VALUES (17, 92, 24);

-- создание Module 1
INSERT INTO OBJECTS (OBJECT_ID, PARENT_ID, OBJECT_TYPE_ID, NAME, DESCRIPTION) VALUES (93, NULL, 4, 'Module 1 UMC. Project 2', NULL);
INSERT INTO ATTRIBUTES (ATTR_ID, OBJECT_ID, VALUE) VALUES (7, 93, 'Module 1 Name. Project UMC');
INSERT INTO ATTRIBUTES (ATTR_ID, OBJECT_ID, VALUE) VALUES (8, 93, 24);
INSERT INTO ATTRIBUTES (ATTR_ID, OBJECT_ID, DATE_VALUE) VALUES (9, 93, '21.06.2015');
INSERT INTO ATTRIBUTES (ATTR_ID, OBJECT_ID, VALUE) VALUES (10, 93, 'First module for UMC');
INSERT INTO OBJREFERENCE (ATTR_ID, OBJECT_ID, REFERENCE) VALUES (11, 93, 13);
INSERT INTO ATTRIBUTES (ATTR_ID, OBJECT_ID, DATE_VALUE) VALUES (12, 93, '02.01.2016');
INSERT INTO OBJREFERENCE (ATTR_ID, OBJECT_ID, REFERENCE) VALUES (18, 93, 28);
INSERT INTO OBJREFERENCE (ATTR_ID, OBJECT_ID, REFERENCE) VALUES (16, 92, 93);
INSERT INTO ATTRIBUTES (ATTR_ID, OBJECT_ID, VALUE) VALUES (20, 93, 4);
-- создание Module 2
INSERT INTO OBJECTS (OBJECT_ID, PARENT_ID, OBJECT_TYPE_ID, NAME, DESCRIPTION) VALUES (94, NULL, 4, 'Module 2 UMC. Project 2', NULL);
INSERT INTO ATTRIBUTES (ATTR_ID, OBJECT_ID, VALUE) VALUES (7, 94, 'Module 2 Name. Project UMC');
INSERT INTO ATTRIBUTES (ATTR_ID, OBJECT_ID, VALUE) VALUES (8, 94, 24);
INSERT INTO ATTRIBUTES (ATTR_ID, OBJECT_ID, DATE_VALUE) VALUES (9, 94, '21.06.2015');
INSERT INTO ATTRIBUTES (ATTR_ID, OBJECT_ID, VALUE) VALUES (10, 94, 'Second module for UMC');
INSERT INTO OBJREFERENCE (ATTR_ID, OBJECT_ID, REFERENCE) VALUES (11, 94, 13);
INSERT INTO ATTRIBUTES (ATTR_ID, OBJECT_ID, DATE_VALUE) VALUES (12, 94, '15.12.2015');
INSERT INTO OBJREFERENCE (ATTR_ID, OBJECT_ID, REFERENCE) VALUES (18, 94, 27);
INSERT INTO OBJREFERENCE (ATTR_ID, OBJECT_ID, REFERENCE) VALUES (16, 92, 94);
INSERT INTO ATTRIBUTES (ATTR_ID, OBJECT_ID, VALUE) VALUES (20, 94, 3);
-- создание Task 1
INSERT INTO OBJECTS (OBJECT_ID, PARENT_ID, OBJECT_TYPE_ID, NAME, DESCRIPTION) VALUES (95, NULL, 5, 'Task 1 UMC', NULL);
INSERT INTO ATTRIBUTES (ATTR_ID, OBJECT_ID, VALUE) VALUES (7, 95, 'Task 1 Name. Project 1 UMC');
INSERT INTO ATTRIBUTES (ATTR_ID, OBJECT_ID, VALUE) VALUES (8, 95, 28);
INSERT INTO ATTRIBUTES (ATTR_ID, OBJECT_ID, DATE_VALUE) VALUES (9, 95, '21.06.2015');
INSERT INTO ATTRIBUTES (ATTR_ID, OBJECT_ID, VALUE) VALUES (10, 95, 'First task for Module 1');
INSERT INTO OBJREFERENCE (ATTR_ID, OBJECT_ID, REFERENCE) VALUES (11, 95, 13);
INSERT INTO ATTRIBUTES (ATTR_ID, OBJECT_ID, DATE_VALUE) VALUES (12, 95, '02.10.2015');
INSERT INTO OBJREFERENCE (ATTR_ID, OBJECT_ID, REFERENCE) VALUES (19, 93, 95);
INSERT INTO ATTRIBUTES (ATTR_ID, OBJECT_ID, VALUE) VALUES (21, 95, 31);
INSERT INTO ATTRIBUTES (ATTR_ID, OBJECT_ID, VALUE) VALUES (22, 95, 4);
INSERT INTO OBJREFERENCE (ATTR_ID, OBJECT_ID, REFERENCE) VALUES (23, 95, 28);
-- создание Task 2
INSERT INTO OBJECTS (OBJECT_ID, PARENT_ID, OBJECT_TYPE_ID, NAME, DESCRIPTION) VALUES (96, NULL, 5, 'Task 2 UMC', NULL);
INSERT INTO ATTRIBUTES (ATTR_ID, OBJECT_ID, VALUE) VALUES (7, 96, 'Task 2 Name. Project 1 UMC');
INSERT INTO ATTRIBUTES (ATTR_ID, OBJECT_ID, VALUE) VALUES (8, 96, 27);
INSERT INTO ATTRIBUTES (ATTR_ID, OBJECT_ID, DATE_VALUE) VALUES (9, 96, '21.06.2015');
INSERT INTO ATTRIBUTES (ATTR_ID, OBJECT_ID, VALUE) VALUES (10, 96, 'First task for Module 2');
INSERT INTO OBJREFERENCE (ATTR_ID, OBJECT_ID, REFERENCE) VALUES (11, 96, 13);
INSERT INTO ATTRIBUTES (ATTR_ID, OBJECT_ID, DATE_VALUE) VALUES (12, 96, '02.10.2015');
INSERT INTO OBJREFERENCE (ATTR_ID, OBJECT_ID, REFERENCE) VALUES (19, 94, 96);
INSERT INTO ATTRIBUTES (ATTR_ID, OBJECT_ID, VALUE) VALUES (21, 96, 32);
INSERT INTO ATTRIBUTES (ATTR_ID, OBJECT_ID, VALUE) VALUES (22, 96, 3);
-- создание Task 3
INSERT INTO OBJECTS (OBJECT_ID, PARENT_ID, OBJECT_TYPE_ID, NAME, DESCRIPTION) VALUES (97, NULL, 5, 'Task 3 UMC', NULL);
INSERT INTO ATTRIBUTES (ATTR_ID, OBJECT_ID, VALUE) VALUES (7, 97, 'Task 3 Name. Project 1 UMC');
INSERT INTO ATTRIBUTES (ATTR_ID, OBJECT_ID, VALUE) VALUES (8, 97, 32);
INSERT INTO ATTRIBUTES (ATTR_ID, OBJECT_ID, DATE_VALUE) VALUES (9, 97, '05.07.2015');
INSERT INTO ATTRIBUTES (ATTR_ID, OBJECT_ID, VALUE) VALUES (10, 97, 'Second task for Module 2');
INSERT INTO OBJREFERENCE (ATTR_ID, OBJECT_ID, REFERENCE) VALUES (11, 97, 13);
INSERT INTO ATTRIBUTES (ATTR_ID, OBJECT_ID, DATE_VALUE) VALUES (12, 97, '02.10.2015');
INSERT INTO OBJREFERENCE (ATTR_ID, OBJECT_ID, REFERENCE) VALUES (19, 94, 97);
INSERT INTO ATTRIBUTES (ATTR_ID, OBJECT_ID, VALUE) VALUES (21, 97, 32);
INSERT INTO ATTRIBUTES (ATTR_ID, OBJECT_ID, VALUE) VALUES (22, 97, 4);
-- создание Task 4
INSERT INTO OBJECTS (OBJECT_ID, PARENT_ID, OBJECT_TYPE_ID, NAME, DESCRIPTION) VALUES (98, NULL, 5, 'Task 4 UMC', NULL);
INSERT INTO ATTRIBUTES (ATTR_ID, OBJECT_ID, VALUE) VALUES (7, 98, 'Task 4 Name. Project 1 UMC');
INSERT INTO ATTRIBUTES (ATTR_ID, OBJECT_ID, VALUE) VALUES (8, 98, 32);
INSERT INTO ATTRIBUTES (ATTR_ID, OBJECT_ID, DATE_VALUE) VALUES (9, 98, '06.07.2015');
INSERT INTO ATTRIBUTES (ATTR_ID, OBJECT_ID, VALUE) VALUES (10, 98, 'Third task for Module 2');
INSERT INTO OBJREFERENCE (ATTR_ID, OBJECT_ID, REFERENCE) VALUES (11, 98, 15);
INSERT INTO ATTRIBUTES (ATTR_ID, OBJECT_ID, DATE_VALUE) VALUES (12, 98, '02.10.2015');
INSERT INTO OBJREFERENCE (ATTR_ID, OBJECT_ID, REFERENCE) VALUES (19, 94, 98);
INSERT INTO ATTRIBUTES (ATTR_ID, OBJECT_ID, VALUE) VALUES (21, 98, 34);
INSERT INTO ATTRIBUTES (ATTR_ID, OBJECT_ID, VALUE) VALUES (22, 98, 5);
-- создание Task 5
INSERT INTO OBJECTS (OBJECT_ID, PARENT_ID, OBJECT_TYPE_ID, NAME, DESCRIPTION) VALUES (99, NULL, 5, 'Task 5 UMC', NULL);
INSERT INTO ATTRIBUTES (ATTR_ID, OBJECT_ID, VALUE) VALUES (7, 99, 'Task 5 Name. Project 1 UMC');
INSERT INTO ATTRIBUTES (ATTR_ID, OBJECT_ID, VALUE) VALUES (8, 99, 34);
INSERT INTO ATTRIBUTES (ATTR_ID, OBJECT_ID, DATE_VALUE) VALUES (9, 99, '07.07.2015');
INSERT INTO ATTRIBUTES (ATTR_ID, OBJECT_ID, VALUE) VALUES (10, 99, '4th task for Module 2');
INSERT INTO OBJREFERENCE (ATTR_ID, OBJECT_ID, REFERENCE) VALUES (11, 99, 14);
INSERT INTO ATTRIBUTES (ATTR_ID, OBJECT_ID, DATE_VALUE) VALUES (12, 99, '02.10.2015');
INSERT INTO ATTRIBUTES (ATTR_ID, OBJECT_ID, DATE_VALUE) VALUES (13, 99, '10.10.2015');
INSERT INTO OBJREFERENCE (ATTR_ID, OBJECT_ID, REFERENCE) VALUES (19, 94, 99);
INSERT INTO ATTRIBUTES (ATTR_ID, OBJECT_ID, VALUE) VALUES (21, 99, 35);
INSERT INTO ATTRIBUTES (ATTR_ID, OBJECT_ID, VALUE) VALUES (22, 99, 5);
-- создание Task 6
INSERT INTO OBJECTS (OBJECT_ID, PARENT_ID, OBJECT_TYPE_ID, NAME, DESCRIPTION) VALUES (100, NULL, 5, 'Task 6 UMC', NULL);
INSERT INTO ATTRIBUTES (ATTR_ID, OBJECT_ID, VALUE) VALUES (7, 100, 'Task 6 Name. Project 1 UMC');
INSERT INTO ATTRIBUTES (ATTR_ID, OBJECT_ID, VALUE) VALUES (8, 100, 34);
INSERT INTO ATTRIBUTES (ATTR_ID, OBJECT_ID, DATE_VALUE) VALUES (9, 100, '07.07.2015');
INSERT INTO ATTRIBUTES (ATTR_ID, OBJECT_ID, VALUE) VALUES (10, 100, '5th task for Module 2');
INSERT INTO OBJREFERENCE (ATTR_ID, OBJECT_ID, REFERENCE) VALUES (11, 100, 16);
INSERT INTO ATTRIBUTES (ATTR_ID, OBJECT_ID, DATE_VALUE) VALUES (12, 100, '02.10.2015');
INSERT INTO ATTRIBUTES (ATTR_ID, OBJECT_ID, DATE_VALUE) VALUES (13, 100, '11.10.2015');
INSERT INTO OBJREFERENCE (ATTR_ID, OBJECT_ID, REFERENCE) VALUES (19, 94, 100);
INSERT INTO ATTRIBUTES (ATTR_ID, OBJECT_ID, VALUE) VALUES (21, 100, 37);
INSERT INTO ATTRIBUTES (ATTR_ID, OBJECT_ID, VALUE) VALUES (22, 100, 5);


